INSERT INTO artist (artist_id, name, country, debut_year, bio) VALUES
(1, 'The Weeknd', 'Canada', 2010, 'Cantor e compositor conhecido por misturar R&B, pop e eletrônica.'),
(2, 'Taylor Swift', 'USA', 2006, 'Cantora e compositora ganhadora de múltiplos Grammys.'),
(3, 'Daft Punk', 'France', 1997, 'Dupla icônica de música eletrônica.'),
(4, 'Billie Eilish', 'USA', 2015, 'Artista pop alternativa de grande sucesso mundial.'),
(5, 'Eminem', 'USA', 1996, 'Um dos maiores rappers da história.'),
(6, 'Ariana Grande', 'USA', 2013, 'Cantora pop com grande alcance vocal.'),
(7, 'Ed Sheeran', 'UK', 2011, 'Cantor e compositor britânico de hits românticos.'),
(8, 'BTS', 'South Korea', 2013, 'Grupo de K-pop de impacto global.'),
(9, 'Coldplay', 'UK', 2000, 'Banda de rock alternativo famosa mundialmente.'),
(10, 'Shakira', 'Colombia', 1991, 'Cantora latina conhecida por sua dança e versatilidade.'),
(11, 'Rihanna', 'Barbados', 2005, 'Cantora e empresária de grande sucesso mundial.'),
(12, 'Drake', 'Canada', 2009, 'Rapper e cantor influente nas paradas.'),
(13, 'Lady Gaga', 'USA', 2008, 'Ícone pop conhecido por originalidade e performances.'),
(14, 'Imagine Dragons', 'USA', 2012, 'Banda de pop rock muito popular.'),
(15, 'Rosalía', 'Spain', 2017, 'Cantora que mistura flamenco com pop moderno.'),
(16, 'Post Malone', 'USA', 2015, 'Artista que combina rap, pop e rock.'),
(17, 'Doja Cat', 'USA', 2014, 'Cantora e rapper conhecida por versatilidade.'),
(18, 'Travis Scott', 'USA', 2013, 'Rapper e produtor altamente influente.'),
(19, 'Karol G', 'Colombia', 2012, 'Cantora de reggaeton e música urbana.'),
(20, 'Anitta', 'Brazil', 2010, 'Cantora brasileira de fama internacional.'),
(21, 'Bruno Mars', 'USA', 2010, 'Cantor pop e performer premiado.'),
(22, 'Sia', 'Australia', 1997, 'Cantora e compositora de voz marcante.'),
(23, 'The 1975', 'UK', 2012, 'Banda de pop alternativo e indie.'),
(24, 'Adele', 'UK', 2008, 'Cantora britânica reconhecida por sua poderosa voz.'),
(25, 'Lana Del Rey', 'USA', 2011, 'Cantora de estilo dream pop e letras melancólicas.'),
(26, 'J Balvin', 'Colombia', 2009, 'Artista colombiano de reggaeton.'),
(27, 'Bad Bunny', 'Puerto Rico', 2016, 'Um dos maiores nomes da música latina atual.'),
(28, 'Harry Styles', 'UK', 2017, 'Cantor pop e ex-integrante do One Direction.'),
(29, 'Olivia Rodrigo', 'USA', 2021, 'Cantora pop de enorme impacto desde o debut.'),
(30, 'Sam Smith', 'UK', 2013, 'Cantor britânico vencedor de Grammys.'),
(31, 'Queen', 'UK', 1973, 'Banda de rock clássica liderada por Freddie Mercury.'),
(32, 'Metallica', 'USA', 1981, 'Uma das maiores bandas de metal da história.'),
(33, 'Nirvana', 'USA', 1987, 'Banda icônica do grunge.'),
(34, 'Pink Floyd', 'UK', 1965, 'Banda lendária de rock progressivo.'),
(35, 'Beyoncé', 'USA', 1997, 'Cantora e performer entre as maiores da história.'),
(36, 'Kendrick Lamar', 'USA', 2011, 'Rapper premiado e influente.'),
(37, 'Maroon 5', 'USA', 2002, 'Banda pop rock de grande sucesso.'),
(38, 'Arctic Monkeys', 'UK', 2006, 'Banda britânica de indie rock.'),
(39, 'The Killers', 'USA', 2001, 'Banda de rock alternativo conhecida mundialmente.'),
(40, 'Alok', 'Brazil', 2010, 'DJ brasileiro famoso na cena eletrônica.'),
(41, 'Seventeen', 'South Korea', 2015, 'Grupo de K-pop conhecido por produções próprias.'),
(42, 'TWICE', 'South Korea', 2015, 'Grupo de K-pop feminino muito popular.'),
(43, 'BLACKPINK', 'South Korea', 2016, 'Quarteto de K-pop com impacto global.'),
(44, 'Selena Gomez', 'USA', 2009, 'Cantora e atriz de grande visibilidade.'),
(45, 'Halsey', 'USA', 2014, 'Artista pop alternativa com letras marcantes.'),
(46, 'Sabrina Carpenter', 'USA', 2014, 'Cantora pop em ascensão.'),
(47, 'The Chainsmokers', 'USA', 2012, 'Dupla de música eletrônica e pop.'),
(48, 'Zedd', 'Germany', 2010, 'DJ e produtor de EDM de sucesso internacional.'),
(49, 'Calvin Harris', 'UK', 2007, 'DJ e produtor entre os mais bem pagos do mundo.'),
(50, 'Dua Lipa', 'UK', 2015, 'Cantora pop com hits globais.');

INSERT INTO album (album_id, artist_id, title, release_year, label) VALUES
(1, 1, 'After Hours', 2020, 'XO Records'),
(2, 2, '1989', 2014, 'Republic Records'),
(3, 3, 'Random Access Memories', 2013, 'Columbia Records'),
(4, 4, 'Happier Than Ever', 2021, 'Interscope'),
(5, 5, 'The Marshall Mathers LP', 2000, 'Aftermath Entertainment'),
(6, 6, 'Sweetener', 2018, 'Republic Records'),
(7, 7, 'Divide', 2017, 'Atlantic Records'),
(8, 8, 'Map of the Soul: 7', 2020, 'Big Hit Entertainment'),
(9, 9, 'A Head Full of Dreams', 2015, 'Parlophone'),
(10, 10, 'El Dorado', 2017, 'Sony Music Latin'),
(11, 11, 'ANTI', 2016, 'Roc Nation'),
(12, 12, 'Views', 2016, 'OVO Sound'),
(13, 13, 'Chromatica', 2020, 'Interscope'),
(14, 14, 'Evolve', 2017, 'Interscope'),
(15, 15, 'Motomami', 2022, 'Columbia Records'),
(16, 16, 'Hollywood''s Bleeding', 2019, 'Republic Records'),
(17, 17, 'Planet Her', 2021, 'RCA Records'),
(18, 18, 'Astroworld', 2018, 'Epic Records'),
(19, 19, 'Mañana Será Bonito', 2023, 'Universal Music Latino'),
(20, 20, 'Kisses', 2019, 'Warner Music'),
(21, 21, '24K Magic', 2016, 'Atlantic Records'),
(22, 22, 'This Is Acting', 2016, 'RCA Records'),
(23, 23, 'I Like It When You Sleep...', 2016, 'Dirty Hit'),
(24, 24, '25', 2015, 'XL Recordings'),
(25, 25, 'Born to Die', 2012, 'Interscope'),
(26, 26, 'Colores', 2020, 'Universal Music Latino'),
(27, 27, 'Un Verano Sin Ti', 2022, 'Rimas Entertainment'),
(28, 28, 'Harry''s House', 2022, 'Columbia Records'),
(29, 29, 'SOUR', 2021, 'Geffen Records'),
(30, 30, 'In the Lonely Hour', 2014, 'Capitol Records'),
(31, 31, 'A Night at the Opera', 1975, 'EMI Records'),
(32, 32, 'Master of Puppets', 1986, 'Elektra Records'),
(33, 33, 'Nevermind', 1991, 'Geffen Records'),
(34, 34, 'The Dark Side of the Moon', 1973, 'Harvest Records'),
(35, 35, 'Lemonade', 2016, 'Parkwood Entertainment'),
(36, 36, 'DAMN.', 2017, 'Top Dawg Entertainment'),
(37, 37, 'V', 2014, 'Interscope'),
(38, 38, 'AM', 2013, 'Domino Recording'),
(39, 39, 'Hot Fuss', 2004, 'Island Records'),
(40, 40, 'Discover', 2021, 'Spinnin\' Records'),
(41, 41, 'Face the Sun', 2022, 'Pledis Entertainment'),
(42, 42, 'Formula of Love: O+T=<3', 2021, 'JYP Entertainment'),
(43, 43, 'The Album', 2020, 'YG Entertainment'),
(44, 44, 'Revival', 2015, 'Interscope'),
(45, 45, 'Manic', 2020, 'Capitol Records'),
(46, 46, 'Emails I Can’t Send', 2022, 'Island Records'),
(47, 47, 'Memories... Do Not Open', 2017, 'Disruptor Records'),
(48, 48, 'Clarity', 2012, 'Interscope'),
(49, 49, 'Funk Wav Bounces Vol. 1', 2017, 'Columbia Records'),
(50, 50, 'Future Nostalgia', 2020, 'Warner Records');

INSERT INTO genre (genre_id, name, description) VALUES
(1, 'Pop', 'Música popular contemporânea.'),
(2, 'Hip Hop', 'Rap e cultura urbana.'),
(3, 'Electronic', 'Música eletrônica e house.'),
(4, 'Alternative', 'Pop alternativo e experimental.'),
(5, 'R&B', 'Rhythm and Blues moderno.'),
(6, 'Rock', 'Som baseado em guitarras e bateria.'),
(7, 'Indie', 'Música independente com sonoridade alternativa.'),
(8, 'K-Pop', 'Pop coreano com influências variadas.'),
(9, 'Reggaeton', 'Gênero urbano latino dançante.'),
(10, 'Latin Pop', 'Pop com influência latina.'),
(11, 'Trap', 'Subgênero do hip hop com batidas pesadas.'),
(12, 'Soul', 'Música emotiva com raízes no gospel e R&B.'),
(13, 'Funk', 'Groove marcado e ritmos dançantes.'),
(14, 'House', 'Estilo da música eletrônica focado em pistas.'),
(15, 'EDM', 'Eletrônica voltada para festivais.'),
(16, 'Jazz', 'Improvisação e harmonias complexas.'),
(17, 'Blues', 'Música emocional com raízes africanas.'),
(18, 'Classical', 'Música erudita tradicional.'),
(19, 'Metal', 'Som pesado com guitarras distorcidas.'),
(20, 'Punk Rock', 'Rock rápido, cru e contestador.'),
(21, 'Reggae', 'Música jamaicana de batida marcada.'),
(22, 'Samba', 'Gênero brasileiro com percussão marcante.'),
(23, 'Bossa Nova', 'Samba suave com influências do jazz.'),
(24, 'MPB', 'Música Popular Brasileira.'),
(25, 'Forró', 'Gênero nordestino dançante.'),
(26, 'Country', 'Música tradicional americana.'),
(27, 'Folk', 'Músicas tradicionais e acústicas.'),
(28, 'Gospel', 'Música cristã com inspiração espiritual.'),
(29, 'Opera', 'Música erudita com canto dramático.'),
(30, 'Lo-Fi', 'Música relaxante com estética suave.'),
(31, 'Synthpop', 'Pop com sintetizadores.'),
(32, 'Ambient', 'Música atmosférica e minimalista.'),
(33, 'Drill', 'Subgênero do trap com letras intensas.'),
(34, 'Afrobeats', 'Ritmos africanos modernos.'),
(35, 'Dancehall', 'Gênero jamaicano dançante.'),
(36, 'Disco', 'Música dançante dos anos 70.'),
(37, 'Grunge', 'Rock alternativo dos anos 90.'),
(38, 'Hard Rock', 'Rock energético e mais pesado.'),
(39, 'Acoustic', 'Música focada em instrumentos acústicos.'),
(40, 'Instrumental', 'Composições sem vocais.'),
(41, 'Soundtrack', 'Trilhas sonoras de filmes e séries.'),
(42, 'New Age', 'Música meditativa e espiritual.'),
(43, 'Emo', 'Rock emocional e melódico.'),
(44, 'Chillout', 'Música suave para relaxamento.'),
(45, 'Techno', 'Eletrônica repetitiva de club.');

INSERT INTO track (track_id, album_id, artist_id, genre_id, title, duration_seconds, release_date) VALUES
(1, 1, 1, 5, 'Blinding Lights', 200, '2020-03-20'),
(2, 1, 1, 5, 'Save Your Tears', 215, '2020-03-20'),
(3, 2, 2, 1, 'Blank Space', 231, '2014-10-27'),
(4, 2, 2, 1, 'Style', 231, '2014-10-27'),
(5, 3, 3, 3, 'Get Lucky', 248, '2013-04-19'),
(6, 3, 3, 3, 'Instant Crush', 337, '2013-05-17'),
(7, 4, 4, 4, 'Happier Than Ever', 298, '2021-07-30'),
(8, 4, 4, 4, 'NDA', 188, '2021-07-30'),
(9, 5, 5, 2, 'The Real Slim Shady', 284, '2000-05-16'),
(10, 5, 5, 2, 'Stan', 404, '2000-05-23'),
(11, 1, 1, 5, 'In Your Eyes', 240, '2020-03-20'),
(12, 1, 1, 5, 'Heartless', 200, '2019-11-27'),
(13, 2, 2, 1, 'Shake It Off', 242, '2014-08-19'),
(14, 2, 2, 1, 'Out of the Woods', 235, '2014-10-14'),
(15, 3, 3, 3, 'Lose Yourself to Dance', 333, '2013-08-13'),
(16, 3, 3, 3, 'Doin'' It Right', 253, '2013-05-17'),
(17, 4, 4, 4, 'Therefore I Am', 174, '2020-11-12'),
(18, 4, 4, 4, 'Your Power', 245, '2021-04-29'),
(19, 5, 5, 2, 'Without Me', 290, '2002-05-14'),
(20, 5, 5, 2, 'Lose Yourself', 326, '2002-10-28'),
(21, 6, 6, 1, 'Levitating', 203, '2020-03-27'),
(22, 6, 6, 1, 'Don''t Start Now', 183, '2019-11-01'),
(23, 7, 7, 6, 'Smells Like Teen Spirit', 301, '1991-09-10'),
(24, 7, 7, 6, 'Come As You Are', 219, '1992-03-02'),
(25, 8, 8, 4, 'Sweater Weather', 240, '2013-03-05'),
(26, 6, 6, 1, 'Physical', 194, '2020-01-31'),
(27, 6, 6, 1, 'Hallucinate', 183, '2020-03-27'),
(28, 7, 7, 6, 'Lithium', 257, '1992-07-13'),
(29, 7, 7, 6, 'In Bloom', 254, '1992-11-30'),
(30, 8, 8, 4, 'Daddy Issues', 240, '2015-11-20'),
(31, 8, 8, 4, 'Afraid', 248, '2013-08-19'),
(32, 1, 1, 5, 'Faith', 273, '2020-03-20'),
(33, 1, 1, 5, 'After Hours', 361, '2020-03-20'),
(34, 2, 2, 1, 'Wildest Dreams', 220, '2014-10-27'),
(35, 2, 2, 1, 'Clean', 271, '2014-10-27'),
(36, 4, 4, 4, 'Oxytocin', 212, '2021-07-30'),
(37, 4, 4, 4, 'Lost Cause', 242, '2021-06-02'),
(38, 5, 5, 2, 'The Way I Am', 290, '2000-09-07'),
(39, 5, 5, 2, 'Mockingbird', 250, '2004-04-25'),
(40, 3, 3, 3, 'Fragments of Time', 288, '2013-05-17'),
(41, 3, 3, 3, 'Motherboard', 339, '2013-05-17'),
(42, 8, 8, 4, 'Reflections', 206, '2013-07-16'),
(43, 8, 8, 4, 'R.I.P. 2 My Youth', 228, '2015-11-13'),
(44, 6, 6, 1, 'Break My Heart', 221, '2020-03-25'),
(45, 6, 6, 1, 'Love Again', 245, '2021-06-04');

INSERT INTO user (user_id, name, email, password_hash, created_at) VALUES
(1, 'Kevin', 'kevin@cest.com', 'hash123', '2025-01-01'),
(2, 'Minara', 'minara@cest.com', 'hash456', '2025-01-05'),
(3, 'Lucas', 'lucas@cest.com', 'hash789', '2025-01-10'),
(4, 'Ana', 'ana@cest.com', 'hash012', '2025-01-15'),
(5, 'Sofia', 'sofia@cest.com', 'hash345', '2025-01-20'),
(6, 'Glaucia', 'glaucia@cest.com', 'hash678', '2025-01-25');
(7, 'Marcos', 'marcos@cest.com', 'hash111', '2025-02-01'),
(8, 'Bianca', 'bianca@cest.com', 'hash222', '2025-02-02'),
(9, 'Renato', 'renato@cest.com', 'hash333', '2025-02-03'),
(10, 'Paula', 'paula@cest.com', 'hash444', '2025-02-04'),
(11, 'Helena', 'helena@cest.com', 'hash555', '2025-02-05'),
(12, 'Gabriel', 'gabriel@cest.com', 'hash666', '2025-02-06'),
(13, 'Carolina', 'carolina@cest.com', 'hash777', '2025-02-07'),
(14, 'Rafael', 'rafael@cest.com', 'hash888', '2025-02-08'),
(15, 'Marina', 'marina@cest.com', 'hash999', '2025-02-09'),
(16, 'João', 'joao@cest.com', 'hash101', '2025-02-10'),
(17, 'Letícia', 'leticia@cest.com', 'hash202', '2025-02-11'),
(18, 'Eduardo', 'eduardo@cest.com', 'hash303', '2025-02-12'),
(19, 'Camila', 'camila@cest.com', 'hash404', '2025-02-13'),
(20, 'Thiago', 'thiago@cest.com', 'hash505', '2025-02-14');

INSERT INTO playlist (playlist_id, user_id, name, description, created_at) VALUES
(1, 1, 'Treinos do Kevin', 'Playlist para treinar ouvindo eletrônicas e pop.', '2025-02-01'),
(2, 2, 'Relax da Minara', 'Músicas calmas para estudar.', '2025-02-03'),
(3, 1, 'Rap Hits', 'Raps clássicos e modernos.', '2025-02-05'),
(4, 3, 'Favoritas do Lucas', 'Minhas músicas favoritas de todos os tempos.', '2025-02-07'),
(5, 4, 'Pop da Ana', 'As melhores músicas pop do momento.', '2025-02-09'),
(6, 5, 'R&B Vibes', 'Músicas de R&B para relaxar.', '2025-02-11'),
(7, 6, 'Eletrônicas da Glaucia', 'As melhores faixas eletrônicas para animar.', '2025-02-13'),
(8, 7, 'Rock do Marcos', 'Clássicos do rock internacional.', '2025-02-15'),
(9, 8, 'Indie da Bianca', 'Indie e alternativo para dias tranquilos.', '2025-02-16'),
(10, 9, 'Eletrônica do Renato', 'Faixas eletrônicas para festas.', '2025-02-17'),
(11, 10, 'Chill da Paula', 'Músicas suaves para relaxar.', '2025-02-18'),
(12, 11, 'MPB da Helena', 'O melhor da música popular brasileira.', '2025-02-19'),
(13, 12, 'Trap do Gabriel', 'Trap nacional e internacional.', '2025-02-20'),
(14, 13, 'Românticas da Carolina', 'Baladas e músicas românticas.', '2025-02-21'),
(15, 14, 'Metal do Rafael', 'Metal pesado para energia máxima.', '2025-02-22'),
(16, 15, 'Pop da Marina', 'As músicas pop mais ouvidas do momento.', '2025-02-23'),
(17, 16, 'Pagode do João', 'Pagodin pra animar o dia.', '2025-02-24'),
(18, 17, 'Forró da Letícia', 'Forró para dançar e sorrir.', '2025-02-25'),
(19, 18, 'Sertanejo do Eduardo', 'Os maiores sucessos sertanejos.', '2025-02-26'),
(20, 19, 'Latinas da Camila', 'Reggaeton e latin pop.', '2025-02-27');

INSERT INTO playlist_track (playlist_id, track_id, position, added_at) VALUES
(1, 1, 1, '2025-02-01'),
(1, 5, 2, '2025-02-01'),
(1, 6, 3, '2025-02-01'),
(2, 7, 1, '2025-02-03'),
(2, 8, 2, '2025-02-03'),
(2, 3, 3, '2025-02-03'),
(3, 9, 1, '2025-02-05'),
(3, 10, 2, '2025-02-05'),
(4, 2, 1, '2025-02-07'),
(4, 4, 2, '2025-02-07'),
(4, 11, 3, '2025-02-07'),
(5, 12, 1, '2025-02-09'),
(5, 5, 2, '2025-02-09'),
(5, 15, 3, '2025-02-09'),
(6, 16, 1, '2025-02-11'),
(6, 17, 2, '2025-02-11'),
(6, 18, 3, '2025-02-11'),
(7, 6, 1, '2025-02-13'),
(7, 19, 2, '2025-02-13'),
(7, 20, 3, '2025-02-13'),
(8, 21, 1, '2025-02-15'),
(8, 22, 2, '2025-02-15'),
(8, 23, 3, '2025-02-15'),
(9, 24, 1, '2025-02-16'),
(9, 25, 2, '2025-02-16'),
(9, 26, 3, '2025-02-16'),
(10, 19, 1, '2025-02-17'),
(10, 20, 2, '2025-02-17'),
(10, 6, 3, '2025-02-17'),
(11, 27, 1, '2025-02-18'),
(11, 28, 2, '2025-02-18'),
(11, 29, 3, '2025-02-18'),
(12, 30, 1, '2025-02-19'),
(12, 31, 2, '2025-02-19'),
(12, 32, 3, '2025-02-19'),
(13, 33, 1, '2025-02-20'),
(13, 34, 2, '2025-02-20'),
(13, 35, 3, '2025-02-20'),
(14, 36, 1, '2025-02-21'),
(14, 37, 2, '2025-02-21'),
(14, 5, 3, '2025-02-21'),
(15, 38, 1, '2025-02-22'),
(15, 39, 2, '2025-02-22'),
(15, 22, 3, '2025-02-22'),
(16, 40, 1, '2025-02-23'),
(16, 12, 2, '2025-02-23'),
(16, 15, 3, '2025-02-23'),
(17, 41, 1, '2025-02-24'),
(17, 42, 2, '2025-02-24'),
(17, 43, 3, '2025-02-24'),
(18, 44, 1, '2025-02-25'),
(18, 45, 2, '2025-02-25');

INSERT INTO history (history_id, user_id, track_id, listened_at, device, duration_listened_seconds) VALUES
(1, 1, 1, '2025-02-10 10:00:00', 'Android', 180),
(2, 1, 5, '2025-02-10 10:05:00', 'PC', 248),
(3, 2, 7, '2025-02-11 08:30:00', 'iPhone', 200),
(4, 2, 3, '2025-02-11 09:00:00', 'iPad', 210),
(5, 3, 9, '2025-02-12 22:15:00', 'Android', 260),
(6, 3, 10, '2025-02-12 22:25:00', 'Android', 300),
(7, 4, 12, '2025-02-13 14:10:00', 'PC', 180),
(8, 4, 11, '2025-02-13 14:15:00', 'Android', 174),
(9, 5, 19, '2025-02-14 16:40:00', 'Android', 200),
(10, 5, 20, '2025-02-14 16:45:00', 'PC', 260),
(11, 6, 21, '2025-02-15 11:00:00', 'iPhone', 190),
(12, 6, 22, '2025-02-15 11:05:00', 'Android', 175),
(13, 7, 23, '2025-02-16 18:20:00', 'PC', 300),
(14, 7, 24, '2025-02-16 18:25:00', 'Android', 220),
(15, 8, 25, '2025-02-17 20:55:00', 'iPad', 240),
(16, 8, 26, '2025-02-17 21:00:00', 'Android', 200),
(17, 1, 32, '2025-02-18 09:30:00', 'PC', 260),
(18, 1, 33, '2025-02-18 09:35:00', 'Android', 320),
(19, 2, 34, '2025-02-19 13:10:00', 'Android', 210),
(20, 2, 35, '2025-02-19 13:15:00', 'PC', 240),
(21, 3, 15, '2025-02-19 22:40:00', 'Android', 300),
(22, 3, 16, '2025-02-19 22:45:00', 'iPhone', 250),
(23, 4, 36, '2025-02-20 10:00:00', 'Android', 200),
(24, 4, 37, '2025-02-20 10:05:00', 'PC', 230),
(25, 5, 38, '2025-02-20 17:40:00', 'iPhone', 260),
(26, 5, 39, '2025-02-20 17:45:00', 'Android', 240),
(27, 6, 40, '2025-02-21 15:00:00', 'PC', 260),
(28, 6, 41, '2025-02-21 15:05:00', 'Android', 310),
(29, 7, 42, '2025-02-21 19:30:00', 'iPad', 200),
(30, 7, 43, '2025-02-21 19:35:00', 'PC', 220),
(31, 8, 44, '2025-02-22 21:10:00', 'Android', 200),
(32, 8, 45, '2025-02-22 21:15:00', 'Android', 240),
(33, 1, 17, '2025-02-23 12:00:00', 'PC', 230),
(34, 1, 20, '2025-02-23 12:05:00', 'Android', 250),
(35, 2, 10, '2025-02-23 14:20:00', 'PC', 190),
(36, 2, 24, '2025-02-23 14:25:00', 'iPhone', 220),
(37, 3, 31, '2025-02-24 20:00:00', 'Android', 180),
(38, 3, 32, '2025-02-24 20:05:00', 'PC', 200),
(39, 4, 44, '2025-02-25 10:10:00', 'PC', 210),
(40, 4, 1,  '2025-02-25 10:15:00', 'Android', 160);
